<?xml version="1.0" encoding="UTF-8"?>
<root>
  <item name="androidprojects.com.library.screen_shot.FakeWebView void setMode(int) 0">
    <annotation name="android.support.annotation.IntDef">
      <val name="value" val="{androidprojects.com.library.screen_shot.FakeWebView.MODE_DAY, androidprojects.com.library.screen_shot.FakeWebView.MODE_NIGHT}" />
    </annotation>
  </item>
  <item name="androidprojects.com.library.screen_shot.FakeWebView.ViewMode">
    <annotation name="android.support.annotation.IntDef">
      <val name="value" val="{androidprojects.com.library.screen_shot.FakeWebView.MODE_DAY, androidprojects.com.library.screen_shot.FakeWebView.MODE_NIGHT}" />
    </annotation>
  </item>
</root>

